<?xml version="1.0" encoding="UTF-8" standalone="yes"?><CatalogList><count>1</count><limit>0</limit><catalog><id>90d9650a36988e5d0136988f03ab000f</id><objectId>90d9650a36988e5d0136988f03ab000f</objectId><createdOn>2013-09-13T10:54:16.377+02:00</createdOn><isCriticalSystemObject>true</isCriticalSystemObject><description>Global Shared Catalog</description><iconUrl>/csa/images/library/briefcase-consumer_default_img-60.png</iconUrl><name>Global Shared Catalog</name><displayName>Global Shared Catalog</displayName><state><id>90d96588360da0c701360da0ef470038</id><objectId>90d96588360da0c701360da0ef470038</objectId><createdOn>2013-09-13T10:54:13.520+02:00</createdOn><isCriticalSystemObject>true</isCriticalSystemObject><description>Active</description><iconUrl>/csa/images/categories/artifact_state/active.png</iconUrl><name>ACTIVE</name><displayName>Active</displayName><disabled>false</disabled><categoryType><id>90d96588360da0c701360da0ef420037</id><objectId>90d96588360da0c701360da0ef420037</objectId><isCriticalSystemObject>true</isCriticalSystemObject><description>Artifact State</description><name>ARTIFACT_STATE</name><displayName>Artifact State</displayName><extensible>false</extensible></categoryType></state><artifactType><id>90d96588360da0c701360da0eed2001d</id><objectId>90d96588360da0c701360da0eed2001d</objectId><createdOn>2013-09-13T10:54:13.617+02:00</createdOn><isCriticalSystemObject>true</isCriticalSystemObject><description>Catalog</description><iconUrl>/csa/images/categories/artifact_type/catalog.png</iconUrl><name>CATALOG</name><displayName>Catalog</displayName><disabled>false</disabled><categoryType><id>90d96588360da0c701360da0eeb40017</id><objectId>90d96588360da0c701360da0eeb40017</objectId><isCriticalSystemObject>true</isCriticalSystemObject><description>Artifact Type</description><name>ARTIFACT_TYPE</name><displayName>Artifact Type</displayName><extensible>false</extensible></categoryType></artifactType><ownedBy><id>90d96588360da0c701360da0f15b009e</id><objectId>90d96588360da0c701360da0f15b009e</objectId><isCriticalSystemObject>true</isCriticalSystemObject><description>Integra Provider Organization</description><iconUrl>/csa/images/library/logo_ITS_Integra.png</iconUrl><name>CSA-Provider</name><displayName>Integra Provider</displayName><disabled>false</disabled></ownedBy><disabled>false</disabled><organization><id>8a9ae2b64116d2dd0141a6d47c141a51</id><objectId>8a9ae2b64116d2dd0141a6d47c141a51</objectId><isCriticalSystemObject>false</isCriticalSystemObject><iconUrl>/csa/images/library/organizationDefault58.png</iconUrl><name>RETIRED_1382532599354_INTEGRA_CONSUMER_TWO</name><displayName>RETIRED_1382532599354_Integra Consumer Two</displayName><disabled>false</disabled></organization><organization><id>8a9ae2b64116d2dd0141a7c8e5991a74</id><objectId>8a9ae2b64116d2dd0141a7c8e5991a74</objectId><isCriticalSystemObject>false</isCriticalSystemObject><iconUrl>/csa/images/library/organizationDefault58.png</iconUrl><name>RETIRED_1381499547719_TEST</name><displayName>RETIRED_1381499547719_test</displayName><disabled>false</disabled></organization><organization><id>8a9ae2b64116d2dd0141173d144b0007</id><objectId>8a9ae2b64116d2dd0141173d144b0007</objectId><isCriticalSystemObject>false</isCriticalSystemObject><description>Bienvenue sur le cloud d'Integra</description><iconUrl>/csa/images/library/logo_ITS_Integra.png</iconUrl><name>RETIRED_1382532604885_INTEGRA_CONSUMER_ONE</name><displayName>RETIRED_1382532604885_Integra Consumer One</displayName><disabled>false</disabled></organization><organization><id>90d96588360da0c701360da0f15b009e</id><objectId>90d96588360da0c701360da0f15b009e</objectId><isCriticalSystemObject>true</isCriticalSystemObject><description>Integra Provider Organization</description><iconUrl>/csa/images/library/logo_ITS_Integra.png</iconUrl><name>CSA-Provider</name><displayName>Integra Provider</displayName><disabled>false</disabled></organization><organization><id>BFA0DB53DA404B90E04059106D1A24B5</id><objectId>BFA0DB53DA404B90E04059106D1A24B5</objectId><isCriticalSystemObject>false</isCriticalSystemObject><description>CSA Consumer organization</description><iconUrl>/csa/images/library/HP_Blue_RGB_150_MN.png</iconUrl><name>CSA_CONSUMER</name><displayName>CSA Consumer</displayName><disabled>false</disabled></organization><party xmlns:xsi="http://www.w3.org/2001/XMLSchema-instance" xsi:type="groupVO"><id>8a9ae2b64116d2dd0141a75da8ee1a66</id><objectId>8a9ae2b64116d2dd0141a75da8ee1a66</objectId><isCriticalSystemObject>false</isCriticalSystemObject><name>Integra_Foreign_11 octobre 2013 11:53:55 UTC</name><displayName>Integra Foreign</displayName><disabled>false</disabled></party><party xmlns:xsi="http://www.w3.org/2001/XMLSchema-instance" xsi:type="groupVO"><id>8a9ae2b64116d2dd0141a77879551a6c</id><objectId>8a9ae2b64116d2dd0141a77879551a6c</objectId><isCriticalSystemObject>false</isCriticalSystemObject><name>GL_11 octobre 2013 12:23:12 UTC</name><displayName>GL</displayName><disabled>false</disabled></party><party xmlns:xsi="http://www.w3.org/2001/XMLSchema-instance" xsi:type="groupVO"><id>8a9ae2b64116d2dd0141a75ac7a21a64</id><objectId>8a9ae2b64116d2dd0141a75ac7a21a64</objectId><isCriticalSystemObject>false</isCriticalSystemObject><name>GG-HPO1_11 octobre 2013 11:50:46 UTC</name><displayName>GG-HPO1</displayName><disabled>false</disabled></party><party xmlns:xsi="http://www.w3.org/2001/XMLSchema-instance" xsi:type="groupVO"><id>8a9ae2b64116d2dd0141a78e3ad51a6f</id><objectId>8a9ae2b64116d2dd0141a78e3ad51a6f</objectId><isCriticalSystemObject>false</isCriticalSystemObject><name>Operators_11 octobre 2013 12:46:58 UTC</name><displayName>Operators</displayName><disabled>false</disabled></party><party xmlns:xsi="http://www.w3.org/2001/XMLSchema-instance" xsi:type="groupVO"><id>BFA0DB53DA424B90E04059106D1A24B5</id><objectId>BFA0DB53DA424B90E04059106D1A24B5</objectId><isCriticalSystemObject>true</isCriticalSystemObject><description>CSA consumers internal group</description><iconUrl>http://localhost/csaconsumer/consumergroup</iconUrl><name>CONSUMERGROUP</name><displayName>CSA consumer internal group</displayName><disabled>false</disabled></party><catalogCategory><id>90d96588360da0c701360da0f4c200e8</id><objectId>90d96588360da0c701360da0f4c200e8</objectId><isCriticalSystemObject>true</isCriticalSystemObject><description>Hardware</description><iconUrl>/csa/images/categories/catalog_category/hardware.png</iconUrl><name>HARDWARE</name><displayName>Hardware</displayName><disabled>false</disabled></catalogCategory><catalogCategory><id>90d96588360da0c701360da0f4ce00ed</id><objectId>90d96588360da0c701360da0f4ce00ed</objectId><isCriticalSystemObject>true</isCriticalSystemObject><description>Application Services</description><iconUrl>/csa/images/categories/catalog_category/application_services.png</iconUrl><name>APPLICATION_SERVICES</name><displayName>Application Services</displayName><disabled>false</disabled></catalogCategory><catalogCategory><id>90d96588360da0c701360da0f4d800f1</id><objectId>90d96588360da0c701360da0f4d800f1</objectId><isCriticalSystemObject>true</isCriticalSystemObject><description>Network Services</description><iconUrl>/csa/images/categories/catalog_category/network_services.png</iconUrl><name>NETWORK_SERVICES</name><displayName>Network Services</displayName><disabled>false</disabled></catalogCategory><catalogCategory><id>90d96588360da0c701360da0f4c700ea</id><objectId>90d96588360da0c701360da0f4c700ea</objectId><isCriticalSystemObject>true</isCriticalSystemObject><description>Accessory</description><iconUrl>/csa/images/categories/catalog_category/accessory.png</iconUrl><name>ACCESSORY</name><displayName>Accessory</displayName><disabled>false</disabled></catalogCategory><catalogCategory><id>90d96588360da0c701360da0f4d300ef</id><objectId>90d96588360da0c701360da0f4d300ef</objectId><isCriticalSystemObject>true</isCriticalSystemObject><description>Web Hosting Services</description><iconUrl>/csa/images/categories/catalog_category/web_hosting_services.png</iconUrl><name>WEB_HOSTING_SERVICES</name><displayName>Web Hosting Services</displayName><disabled>false</disabled></catalogCategory><catalogCategory><id>90d96588360da0c701360da0f4df00f4</id><objectId>90d96588360da0c701360da0f4df00f4</objectId><isCriticalSystemObject>true</isCriticalSystemObject><description>CRM</description><iconUrl>/csa/images/categories/catalog_category/crm.png</iconUrl><name>CRM</name><displayName>CRM</displayName><disabled>false</disabled></catalogCategory><catalogCategory><id>90d96588360da0c701360da0f4d600f0</id><objectId>90d96588360da0c701360da0f4d600f0</objectId><isCriticalSystemObject>true</isCriticalSystemObject><description>Mail Services</description><iconUrl>/csa/images/categories/catalog_category/mail_services.png</iconUrl><name>MAIL_SERVICES</name><displayName>Mail Services</displayName><disabled>false</disabled></catalogCategory><catalogCategory><id>90d96588360da0c701360da0f4c500e9</id><objectId>90d96588360da0c701360da0f4c500e9</objectId><isCriticalSystemObject>true</isCriticalSystemObject><description>Software</description><iconUrl>/csa/images/categories/catalog_category/software.png</iconUrl><name>SOFTWARE</name><displayName>Software</displayName><disabled>false</disabled></catalogCategory><catalogCategory><id>90d96588360da0c701360da0f4db00f2</id><objectId>90d96588360da0c701360da0f4db00f2</objectId><isCriticalSystemObject>true</isCriticalSystemObject><description>Database Servers</description><iconUrl>/csa/images/categories/catalog_category/database_servers.png</iconUrl><name>DATABASE_SERVERS</name><displayName>Database Servers</displayName><disabled>false</disabled></catalogCategory><catalogCategory><id>90d96588360da0c701360da0f4dd00f3</id><objectId>90d96588360da0c701360da0f4dd00f3</objectId><isCriticalSystemObject>true</isCriticalSystemObject><description>Backup Services</description><iconUrl>/csa/images/categories/catalog_category/backup_services.png</iconUrl><name>BACKUP_SERVICES</name><displayName>Backup Services</displayName><disabled>false</disabled></catalogCategory><catalogCategory><id>90d96588360da0c701360da0f4c900eb</id><objectId>90d96588360da0c701360da0f4c900eb</objectId><isCriticalSystemObject>true</isCriticalSystemObject><description>Simple System</description><iconUrl>/csa/images/categories/catalog_category/simple_system.png</iconUrl><name>SIMPLE_SYSTEM</name><displayName>Simple System</displayName><disabled>false</disabled></catalogCategory><catalogCategory><id>90d96588360da0c701360da0f4d100ee</id><objectId>90d96588360da0c701360da0f4d100ee</objectId><isCriticalSystemObject>true</isCriticalSystemObject><description>File Servers</description><iconUrl>/csa/images/categories/catalog_category/file_servers.png</iconUrl><name>FILE_SERVERS</name><displayName>File Servers</displayName><disabled>false</disabled></catalogCategory><catalogCategory><id>35752f27a7a04785b603e0189852d83e</id><objectId>35752f27a7a04785b603e0189852d83e</objectId><isCriticalSystemObject>true</isCriticalSystemObject><description>Platform Services</description><iconUrl>/csa/images/categories/catalog_category/accessory.png</iconUrl><name>PLATFORM_SERVICES</name><displayName>Platform Services</displayName><disabled>false</disabled></catalogCategory><catalogCategory><id>90d96588360da0c701360da0f4cc00ec</id><objectId>90d96588360da0c701360da0f4cc00ec</objectId><isCriticalSystemObject>true</isCriticalSystemObject><description>Application Servers</description><iconUrl>/csa/images/categories/catalog_category/application_servers.png</iconUrl><name>APPLICATION_SERVERS</name><displayName>Application Servers</displayName><disabled>false</disabled></catalogCategory></catalog></CatalogList>