<?xml version="1.0" encoding="UTF-8" standalone="yes"?><person><id>90d96588360da0c701360da0f1d600a1</id><isCriticalSystemObject>false</isCriticalSystemObject><description>admin</description><detailedDescription>admin</detailedDescription><iconUrl>http://localhost/admin</iconUrl><name>admin</name><displayName>admin</displayName><state><id>90d96588360da0c701360da0ef470038</id><isCriticalSystemObject>false</isCriticalSystemObject><name>ACTIVE</name><disabled>false</disabled></state><artifactType><id>90d96588360da0c701360da0ef03002c</id><isCriticalSystemObject>false</isCriticalSystemObject><name>PERSON</name><disabled>false</disabled></artifactType><ownedBy><id>90d96588360da0c701360da0f15b009e</id><isCriticalSystemObject>false</isCriticalSystemObject><description>Integra Provider Organization</description><iconUrl>/csa/images/library/logo_ITS_Integra.png</iconUrl><name>CSA-Provider</name><displayName>Integra Provider</displayName><state><id>90d96588360da0c701360da0ef470038</id><isCriticalSystemObject>false</isCriticalSystemObject><name>ACTIVE</name><disabled>false</disabled></state><artifactType><id>90d96588360da0c701360da0eefc002a</id><isCriticalSystemObject>false</isCriticalSystemObject><name>ORGANIZATION</name><disabled>false</disabled></artifactType><disabled>false</disabled></ownedBy><disabled>false</disabled><distinguishedName>csa://Organizations/CSA-Provider/users/admin</distinguishedName><partyType><id>90d96588360da0c701360da0eff6005f</id><createdOn>2013-09-13T10:54:13.540+02:00</createdOn><isCriticalSystemObject>true</isCriticalSystemObject><description>Person</description><iconUrl>/csa/images/categories/party_type/person.png</iconUrl><name>PERSON</name><displayName>Person</displayName><disabled>false</disabled><categoryType><id>90d96588360da0c701360da0efe20059</id><createdOn>2013-09-13T10:54:13.437+02:00</createdOn><isCriticalSystemObject>true</isCriticalSystemObject><description>Party Type</description><name>PARTY_TYPE</name><displayName>Party Type</displayName><extensible>false</extensible></categoryType></partyType><emailAddress>admin@csaprovider.com</emailAddress><partyPreference><id>90d96526367abd1301367abd438b0001</id><createdOn>2013-09-13T10:54:16.343+02:00</createdOn><isCriticalSystemObject>false</isCriticalSystemObject><contentType><id>90d96588360da0c701360da0ee7f000c</id><createdOn>2013-09-13T10:54:13.610+02:00</createdOn><isCriticalSystemObject>true</isCriticalSystemObject><description>Text</description><iconUrl>/csa/images/categories/content_type/text.png</iconUrl><name>TEXT</name><displayName>Text</displayName><disabled>false</disabled><categoryType><id>90d96588360da0c701360da0ee7a000b</id><createdOn>2013-09-13T10:54:13.423+02:00</createdOn><isCriticalSystemObject>true</isCriticalSystemObject><description>Content Type</description><name>CONTENT_TYPE</name><displayName>Content Type</displayName><extensible>false</extensible></categoryType></contentType><notificationType><id>90d96588360da0c701360da0ee70000a</id><createdOn>2013-09-13T10:54:13.610+02:00</createdOn><isCriticalSystemObject>true</isCriticalSystemObject><description>Email</description><iconUrl>/csa/images/categories/notification_type/email.png</iconUrl><name>EMAIL</name><displayName>Email</displayName><disabled>false</disabled><categoryType><id>90d96588360da0c701360da0ee6a0009</id><createdOn>2013-09-13T10:54:13.423+02:00</createdOn><isCriticalSystemObject>true</isCriticalSystemObject><description>Notification Type</description><name>NOTIFICATION_TYPE</name><displayName>Notification Type</displayName><extensible>false</extensible></categoryType></notificationType><preferredLocale><id>90e3e858361579e90136157a443c01c9</id><createdOn>2013-09-13T10:54:13.757+02:00</createdOn><isCriticalSystemObject>true</isCriticalSystemObject><description>English - US</description><iconUrl>/csa/images/categories/locale/en_US.png</iconUrl><name>en_US</name><displayName>English - US</displayName><disabled>false</disabled><categoryType><id>90d96588360da0c701360da0ee6a0109</id><createdOn>2013-09-13T10:54:13.467+02:00</createdOn><isCriticalSystemObject>true</isCriticalSystemObject><description>Locale Type</description><name>LOCALE_TYPE</name><displayName>Locale Type</displayName><extensible>true</extensible></categoryType></preferredLocale></partyPreference><userName>admin</userName><commonName>admin</commonName><organization><id>90d96588360da0c701360da0f15b009e</id><isCriticalSystemObject>false</isCriticalSystemObject><description>Integra Provider Organization</description><iconUrl>/csa/images/library/logo_ITS_Integra.png</iconUrl><name>CSA-Provider</name><displayName>Integra Provider</displayName><state><id>90d96588360da0c701360da0ef470038</id><isCriticalSystemObject>false</isCriticalSystemObject><name>ACTIVE</name><disabled>false</disabled></state><artifactType><id>90d96588360da0c701360da0eefc002a</id><isCriticalSystemObject>false</isCriticalSystemObject><name>ORGANIZATION</name><disabled>false</disabled></artifactType><disabled>false</disabled><partyType><id>90d96588360da0c701360da0eff1005d</id><isCriticalSystemObject>false</isCriticalSystemObject><name>ORGANIZATION</name><disabled>false</disabled></partyType><partyPreference><id>90d96526367abd1301367abd438b0001</id><createdOn>2013-09-13T10:54:16.343+02:00</createdOn><isCriticalSystemObject>false</isCriticalSystemObject><contentType><id>90d96588360da0c701360da0ee7f000c</id><createdOn>2013-09-13T10:54:13.610+02:00</createdOn><isCriticalSystemObject>true</isCriticalSystemObject><description>Text</description><iconUrl>/csa/images/categories/content_type/text.png</iconUrl><name>TEXT</name><displayName>Text</displayName><disabled>false</disabled><categoryType><id>90d96588360da0c701360da0ee7a000b</id><createdOn>2013-09-13T10:54:13.423+02:00</createdOn><isCriticalSystemObject>true</isCriticalSystemObject><description>Content Type</description><name>CONTENT_TYPE</name><displayName>Content Type</displayName><extensible>false</extensible></categoryType></contentType><notificationType><id>90d96588360da0c701360da0ee70000a</id><createdOn>2013-09-13T10:54:13.610+02:00</createdOn><isCriticalSystemObject>true</isCriticalSystemObject><description>Email</description><iconUrl>/csa/images/categories/notification_type/email.png</iconUrl><name>EMAIL</name><displayName>Email</displayName><disabled>false</disabled><categoryType><id>90d96588360da0c701360da0ee6a0009</id><createdOn>2013-09-13T10:54:13.423+02:00</createdOn><isCriticalSystemObject>true</isCriticalSystemObject><description>Notification Type</description><name>NOTIFICATION_TYPE</name><displayName>Notification Type</displayName><extensible>false</extensible></categoryType></notificationType><preferredLocale><id>90e3e858361579e90136157a443c01c9</id><createdOn>2013-09-13T10:54:13.757+02:00</createdOn><isCriticalSystemObject>true</isCriticalSystemObject><description>English - US</description><iconUrl>/csa/images/categories/locale/en_US.png</iconUrl><name>en_US</name><displayName>English - US</displayName><disabled>false</disabled><categoryType><id>90d96588360da0c701360da0ee6a0109</id><createdOn>2013-09-13T10:54:13.467+02:00</createdOn><isCriticalSystemObject>true</isCriticalSystemObject><description>Locale Type</description><name>LOCALE_TYPE</name><displayName>Locale Type</displayName><extensible>true</extensible></categoryType></preferredLocale></partyPreference><catalog><id>90d9650a36988e5d0136988f03ab000f</id><isCriticalSystemObject>false</isCriticalSystemObject><name>Global Shared Catalog</name><disabled>false</disabled></catalog><accountNumber>1</accountNumber><businessRole><id>90d96588360da0c701360da0f0060062</id><isCriticalSystemObject>false</isCriticalSystemObject><name>PROVIDER</name><disabled>false</disabled></businessRole><portalHomePage>dashboard.do</portalHomePage><portalFeaturedCategory>APPLICATION_SERVERS</portalFeaturedCategory><portalEndDatePeriod>12</portalEndDatePeriod><portalLegalNoticeUrl>http://www8.hp.com/us/en/privacy/privacy.html</portalLegalNoticeUrl><portalShowCustomPage>false</portalShowCustomPage><portalCustomtabFileName>custom.jsp</portalCustomtabFileName><portalLocalCacheSec>0</portalLocalCacheSec><portalErrorDescFlag>false</portalErrorDescFlag><portalShowConfirmDialog>false</portalShowConfirmDialog></organization><group><id>90d96588360da0c701360da0f44300cf</id><createdOn>2013-09-13T10:54:13.987+02:00</createdOn><isCriticalSystemObject>true</isCriticalSystemObject><description>CSA admin group used by the seeded provider organization</description><detailedDescription>CSA admin group used by the seeded provider organization</detailedDescription><iconUrl>http://localhost/admin</iconUrl><name>administrators</name><displayName>administrators</displayName><ownedBy><id>90d96588360da0c701360da0f15b009e</id><createdOn>2013-09-13T10:54:13.973+02:00</createdOn><updatedOn>2013-10-11T10:32:19.313+02:00</updatedOn><updatedBy><id>6BC7CE65B5F74D08AA29C8FC40616451</id><isCriticalSystemObject>false</isCriticalSystemObject><disabled>false</disabled><distinguishedName>csa://Organizations/CSA-Provider/users/ooInboundUser</distinguishedName><userName>ooInboundUser</userName><organization><id>90d96588360da0c701360da0f15b009e</id><isCriticalSystemObject>false</isCriticalSystemObject><disabled>false</disabled></organization></updatedBy><isCriticalSystemObject>true</isCriticalSystemObject><description>Integra Provider Organization</description><iconUrl>/csa/images/library/logo_ITS_Integra.png</iconUrl><name>CSA-Provider</name><displayName>Integra Provider</displayName><disabled>false</disabled></ownedBy><disabled>false</disabled><distinguishedName>csa://Organizations/CSA-Provider/groups/administrators</distinguishedName><organization><id>90d96588360da0c701360da0f15b009e</id><createdOn>2013-09-13T10:54:13.973+02:00</createdOn><updatedOn>2013-10-11T10:32:19.313+02:00</updatedOn><updatedBy><id>6BC7CE65B5F74D08AA29C8FC40616451</id><isCriticalSystemObject>false</isCriticalSystemObject><disabled>false</disabled><distinguishedName>csa://Organizations/CSA-Provider/users/ooInboundUser</distinguishedName><userName>ooInboundUser</userName><organization><id>90d96588360da0c701360da0f15b009e</id><isCriticalSystemObject>false</isCriticalSystemObject><disabled>false</disabled></organization></updatedBy><isCriticalSystemObject>true</isCriticalSystemObject><description>Integra Provider Organization</description><iconUrl>/csa/images/library/logo_ITS_Integra.png</iconUrl><name>CSA-Provider</name><displayName>Integra Provider</displayName><disabled>false</disabled></organization></group></person>