{"larepubliquedespyrenees":{"infos":{"name":"La R\u00e9publique des Pyr\u00e9n\u00e9es","icon":"https:\/\/upload.wikimedia.org\/wikipedia\/fr\/7\/74\/Logo_-_R%C3%A9publique_des_Pyr%C3%A9n%C3%A9es.jpg","link":"http:\/\/www.larepubliquedespyrenees.fr\/","description":"","user_id":"569697fd1cb9b","idMyAct":"larepubliquedespyrenees"},"url":"http:\/\/www.larepubliquedespyrenees.fr\/recherche\/index.php?q=__PATTERN__","container":"article.cf","img":"src","title":"header.cf","source":"strong","content":"p.description"},"leparisien":{"infos":{"name":"Le Parisien","icon":"http:\/\/s1.lprs1.fr\/_assets\/img\/design\/standard\/logo\/logoParisien-292x75.gif","link":"http:\/\/www.leparisien.fr","description":"","user_id":"569697fd1cb9b","idMyAct":"leparisien"},"url":"http:\/\/www.leparisien.fr\/recherche\/recherche.php?q=__PATTERN__&ok=ok","container":"div.article","img":"div.vignette data-src","title":" p .titre","source":"span","content":"p .content"},"sudouest":{"infos":{"name":"Sud Ouest","icon":"http:\/\/assets.sudouest.fr\/img\/logo-sud-ouest.jpg","link":"http:\/\/www.sudouest.fr\/","description":"","user_id":"569697fd1cb9b","idMyAct":"sudouest"},"url":"http:\/\/www.sudouest.fr\/recherche\/index.php?q=__PATTERN__","container":"article.topic","img":"src","title":"a.title","source":"Sud","content":"p"},"lemonde":{"infos":{"name":"Le Monde","icon":"https:\/\/www.google.ie\/url?sa=i&rct=j&q=&esrc=s&source=images&cd=&cad=rja&uact=8&ved=0ahUKEwir-P-VjsLKAhXEWRoKHaFLDk8QjRwIBw&url=http%3A%2F%2Fprogres.typepad.fr%2F.a%2F6a00d83451e87669e201156f1cd90b970c-popup&psig=AFQjCNHcwW7wGaM7PJXFaVVTEzSUarOd0g&ust=1453713293523429","link":"http:\/\/lemonde.fr","description":"","user_id":"569697fd1cb9b","idMyAct":"lemonde"},"url":"http:\/\/www.lemonde.fr\/recherche\/?keywords=__PATTERN__&qt=recherche_globale","container":"div.conteneur_fleuve","img":"data-src","title":"h3 a","source":"span","content":"p"},"midilibre":{"infos":{"name":"Midi Libre","icon":"https:\/\/encrypted-tbn1.gstatic.com\/images?q=tbn:ANd9GcQA1Zd536A8u04XD4cFv8eZiPyhTZi1LZ9r1o-QovWPDmDzuwbhjNzMmw","link":"http:\/\/www.midilibre.fr\/","description":"","user_id":"569697fd1cb9b","idMyAct":"midilibre"},"url":"http:\/\/www.midilibre.fr\/recherche\/index.php?q=__PATTERN__","container":"div.article","img":"src","title":"h2.article-title","source":"span","content":"div.article-description"},"lesechos":{"infos":{"name":"les Echos","icon":"https:\/\/upload.wikimedia.org\/wikipedia\/fr\/thumb\/b\/bb\/Les_echos_(logo).svg\/800px-Les_echos_(logo).svg.png","link":"http:\/\/www.lesechos.fr","description":"","user_id":"569697fd1cb9b","idMyAct":"lesechos"},"url":"http:\/\/recherche.lesechos.fr\/?exec=1&texte=__PATTERN__","container":"div.bloc-resultat-recherche","img":"","title":"a","source":"div.meta","content":"p"},"linternaute":{"infos":{"name":"linternaute","icon":"http:\/\/static.ccmbg.com\/www.linternaute.com\/img\/logo_linternaute_2015.png'","link":"www.linternaute.com","description":"","user_id":"569697fd1cb9b","idMyAct":"linternaute"},"url":"http:\/\/www.linternaute.com\/actualite\/recherche\/?f_recherche=__PATTERN__","container":"div.article","img":"div.recherche_mot_image.td","title":"h2","source":"div.f","content":"td"},"ladepeche":{"infos":{"name":"La Depeche","icon":"http:\/\/www.ladepeche.fr\/\/images\/header\/logo_ddm.png","link":"www.ladepeche.fr","description":"","user_id":"569697fd1cb9b","idMyAct":"ladepeche"},"url":"http:\/\/www.ladepeche.fr\/recherche\/?q=__PATTERN__&t=&v=&i=&c=","container":"article.article.clearfix","img":"src","title":"a","source":"h3","content":"a"},"lematin":{"infos":{"name":"Le Matin","icon":"http:\/\/www.lematin.ch\/images\/logos\/LogoGross.png","link":"http:\/\/www.lematin.ch\/","description":"","user_id":"569697fd1cb9b","idMyAct":"lematin"},"url":"http:\/\/www.lematin.ch\/services\/suche\/index.html?date=alle&order=date&key=__PATTERN__","container":"div.articleStory","img":"src","title":"h3","source":"","content":"p"},"letemps":{"infos":{"name":"Le Temps","icon":"http:\/\/assets.letemps.ch\/themes\/custom\/letemps\/logo.png","link":"http:\/\/www.letemps.ch\/","description":"","user_id":"569697fd1cb9b","idMyAct":"letemps"},"url":"http:\/\/www.letemps.ch\/search?keywords=__PATTERN__&section=All","container":"div.views-row","img":"src","title":"span","source":"p.text-muted","content":"p.text-serif"}}